scenario,n,mean,std,difficulty_score,categories_used
trycatch,27,0.8184444444444444,0.11363337190225653,0.7048110725421879,structural+semantic+specification
loop,27,0.8627037037037038,0.10303570571869368,0.7596679979850101,structural+semantic+specification
fork,27,0.8567592592592592,0.0921429415285044,0.7646163177307548,structural+semantic+specification
simple,27,0.8837037037037037,0.09229173343456419,0.7914119702691395,structural+semantic+specification
